transaction_id,step,type,amount,fraud_probability,expected_loss,risk_band,rank,isFraud
demo-011612,348,CASH_OUT,3031.45,0.6391437818934423,1937.5324176208758,high,1,1
demo-010274,306,CASH_OUT,4771.87,0.39693988212055603,1894.1455152946176,guarded,2,0
demo-010322,307,CASH_OUT,3780.52,0.4586556275743472,1733.9567731573711,high,3,0
demo-011024,330,CASH_OUT,4210.22,0.2815364943213422,1185.3305791216014,guarded,4,0
demo-010276,306,CASH_OUT,5768.83,0.20280216362447115,1169.931205581758,guarded,5,0
demo-011902,357,TRANSFER,4874.63,0.1881295409162225,917.0619040364458,guarded,6,1
demo-010959,328,CASH_OUT,4973.46,0.17958803999336334,893.1739333853928,guarded,7,0
demo-011484,345,TRANSFER,4041.15,0.20425568974700578,825.4278806211124,guarded,8,0
demo-010814,323,TRANSFER,1630.12,0.4719855419642954,769.3930716668372,high,9,0
demo-011222,335,CASH_OUT,1930.38,0.3767229672532071,727.2184815262459,guarded,10,0
demo-010514,313,CASH_OUT,3427.36,0.2107727148043141,722.393971811714,guarded,11,0
demo-010898,326,TRANSFER,1678.31,0.4114156284957513,690.4829634607044,high,12,1
demo-011770,353,TRANSFER,3645.57,0.17732988273305259,646.4685005951345,guarded,13,1
demo-010979,329,TRANSFER,1400.55,0.4463661816162728,625.1581556626709,high,14,0
demo-011614,348,CASH_OUT,2645.57,0.2239964640718304,592.5983254545124,guarded,15,0
demo-011216,335,CASH_OUT,2491.87,0.23357702167837294,582.0435730096872,guarded,16,0
demo-011689,351,CASH_OUT,6700.6,0.08643261755569402,579.1503971936834,low,17,0
demo-010393,309,TRANSFER,2887.78,0.1790959238012817,517.1896268348653,guarded,18,0
demo-010462,312,CASH_OUT,1749.26,0.2922334931303382,511.1923601931754,guarded,19,0
demo-011542,346,CASH_OUT,1947.9,0.2602925145216644,507.02378903675014,guarded,20,1
demo-010885,326,CASH_OUT,1360.27,0.3672312928298511,499.53371069766155,guarded,21,1
demo-010775,322,TRANSFER,806.98,0.6117483591728898,493.66869088533866,high,22,0
demo-011808,354,CASH_OUT,1091.99,0.4455902114493307,486.58005500055464,high,23,0
demo-011710,351,TRANSFER,3678.4,0.12834979265153373,472.1218772894017,guarded,24,0
demo-010926,327,TRANSFER,1444.47,0.325179806200668,469.7124746626789,guarded,25,0
demo-011258,336,CASH_OUT,2440.57,0.14743321483734895,359.82108113558877,guarded,26,0
demo-010564,315,TRANSFER,1928.62,0.1860373421670273,358.7953388501722,guarded,27,0
demo-011695,351,TRANSFER,801.77,0.4157109711205334,333.3045853153101,high,28,0
demo-010880,325,CASH_OUT,1377.09,0.24049742577753758,331.1866000639892,guarded,29,0
demo-010873,325,TRANSFER,850.3,0.38120682747255197,324.1401653999109,guarded,30,0
demo-010330,308,CASH_OUT,2178.18,0.14836112699809417,323.15723960470876,guarded,31,0
demo-011768,353,CASH_OUT,1137.37,0.28089543117800425,319.48203655892667,guarded,32,0
demo-011387,341,PAYMENT,813.02,0.3777287428228512,307.10102248983446,guarded,33,0
demo-011067,331,CASH_OUT,1261.98,0.24254318687046902,306.0846509667945,guarded,34,0
demo-010444,311,CASH_OUT,956.9,0.317578943367305,303.89129090817414,guarded,35,0
demo-011501,345,TRANSFER,1223.08,0.24457586401574816,299.13584776038124,guarded,36,0
demo-011777,354,CASH_OUT,2525.09,0.11581142341679401,292.43426715551243,guarded,37,0
demo-011118,332,TRANSFER,810.64,0.359482172041246,291.41062794351564,guarded,38,0
demo-011319,338,TRANSFER,2774.07,0.10452501946729732,289.9597207536455,guarded,39,1
demo-011140,333,TRANSFER,1060.22,0.2641079067512695,280.01248489583094,guarded,40,0
demo-010765,321,TRANSFER,746.29,0.3678932802667345,274.5550761302613,guarded,41,0
demo-011601,348,CASH_OUT,2913.24,0.0891808414177673,259.8051944518964,low,42,0
demo-011276,337,TRANSFER,611.83,0.4090097842233084,250.2444562813468,high,43,0
demo-011592,348,CASH_OUT,737.9,0.3388634236807321,250.0473203340122,guarded,44,0
demo-011291,337,CASH_OUT,659.95,0.3745275920311578,247.16948436096263,guarded,45,0
demo-011332,338,CASH_OUT,1047.61,0.23524478335561066,246.44478749117127,guarded,46,1
demo-010728,320,TRANSFER,3314.46,0.07320602626613629,242.63844581805807,low,47,0
demo-010928,327,CASH_OUT,1186.46,0.20417913628936737,242.2503780418828,guarded,48,0
demo-011324,338,CASH_OUT,830.98,0.27870944740124737,231.60197660148853,guarded,49,0
demo-011654,349,CASH_OUT,1344.3,0.17142241266297706,230.44314934284006,guarded,50,0
demo-010861,325,TRANSFER,677.78,0.3361514466773588,227.83672752898025,guarded,51,0
demo-011091,332,TRANSFER,640.54,0.35133399832410983,225.0434792865253,guarded,52,0
demo-010929,327,CASH_OUT,964.76,0.22910159345811634,221.02805330465233,guarded,53,0
demo-011877,356,TRANSFER,639.98,0.3395235057169872,217.28825318875747,guarded,54,0
demo-011909,357,TRANSFER,819.83,0.263046529723771,215.6534364634392,guarded,55,0
demo-011580,347,CASH_OUT,1860.99,0.11098534651050004,206.5426200025755,guarded,56,1
demo-011204,335,CASH_OUT,2768.68,0.07315300379549035,202.53725854849822,low,57,0
demo-011206,335,TRANSFER,1341.12,0.15059788285179293,201.9698326501965,guarded,58,0
demo-011734,352,TRANSFER,1190.84,0.16791298724059855,199.95750172559437,guarded,59,0
demo-011057,331,TRANSFER,1329.42,0.15026591514440904,199.76651291128027,guarded,60,0
demo-011634,349,TRANSFER,776.52,0.25656382094427693,199.2269382396499,guarded,61,1
demo-011342,339,CASH_OUT,924.29,0.20895551390987815,193.13549195176128,guarded,62,0
demo-010925,327,TRANSFER,690.02,0.27579086050893215,190.30120956837337,guarded,63,0
demo-011359,340,TRANSFER,666.89,0.2829460479142587,188.69388989354,guarded,64,1
demo-011972,359,CASH_OUT,918.35,0.20195978092858763,185.46976481576846,guarded,65,0
demo-011322,338,TRANSFER,3363.65,0.05361855056479928,180.3540376072871,low,66,0
demo-010810,323,TRANSFER,854.85,0.20570314827749228,175.84533630501429,guarded,67,0
demo-011356,339,PAYMENT,870.56,0.19765627692120488,172.0716484365241,guarded,68,0
demo-011274,337,CASH_OUT,1131.09,0.15203768499848871,171.9683051249406,guarded,69,0
demo-010352,308,CASH_OUT,1209.72,0.13549689018025574,163.91329798885897,guarded,70,0
demo-010915,327,PAYMENT,780.64,0.20895029545224716,163.11495864184224,guarded,71,0
demo-011187,334,TRANSFER,645.24,0.25078820014086484,161.81857825889162,guarded,72,0
demo-010653,317,PAYMENT,759.44,0.21179443863172687,160.84516847447867,guarded,73,0
demo-010543,314,TRANSFER,2207.19,0.0728044573588694,160.69327023792295,low,74,0
demo-011053,331,CASH_OUT,1057.59,0.15006417979551057,158.706375909934,guarded,75,0
demo-011178,334,TRANSFER,925.83,0.17068244256020781,158.0229257955172,guarded,76,1
demo-010770,321,TRANSFER,1201.21,0.13086504938187002,157.1964059679961,guarded,77,0
demo-011936,358,CASH_OUT,2060.46,0.07526755424690391,155.08578482357564,low,78,0
demo-010290,306,CASH_OUT,652.95,0.23569419676672684,153.8965257788343,guarded,79,0
demo-011452,343,TRANSFER,2495.31,0.05988905962232408,149.4417693661815,low,80,0
demo-011543,346,CASH_OUT,683.97,0.2182188353217816,149.25513679503896,guarded,81,0
demo-010878,325,CASH_OUT,724.96,0.20350941931851158,147.53618862914817,guarded,82,0
demo-010533,314,TRANSFER,449.99,0.3254770614540954,146.46142288372837,guarded,83,0
demo-011551,346,CASH_OUT,726.46,0.2010718831648972,146.07068024397122,guarded,84,0
demo-010547,314,PAYMENT,901.08,0.15989293329688745,144.07632433515934,guarded,85,0
demo-010628,317,CASH_OUT,1051.45,0.1349542935705185,141.89769197472168,guarded,86,0
demo-011186,334,CASH_OUT,1022.18,0.13478812137087243,137.77772190287837,guarded,87,1
demo-011980,359,TRANSFER,706.64,0.19421722130741645,137.24165726467277,guarded,88,0
demo-011045,330,TRANSFER,839.11,0.16165377581903867,135.64529982751355,guarded,89,0
demo-011311,338,CASH_OUT,913.75,0.1422801869390391,130.00852081554697,guarded,90,0
demo-011376,340,TRANSFER,927.09,0.1399085343698513,129.70780312894544,guarded,91,0
demo-010461,312,TRANSFER,1226.08,0.10258141353902361,125.77301951192607,guarded,92,0
demo-011454,343,CASH_OUT,952.39,0.12902468560628633,122.88182032457104,guarded,93,1
demo-011315,338,TRANSFER,572.72,0.21257804442103698,121.74769760081631,guarded,94,1
demo-010897,326,TRANSFER,905.52,0.13257227181208422,120.0468435712785,guarded,95,0
demo-011447,343,CASH_OUT,1658.04,0.07177548825350162,119.00663054383583,low,96,0
demo-011783,354,TRANSFER,1775.41,0.06698742814488397,118.93014980270846,low,97,0
demo-010820,323,CASH_OUT,1288.04,0.08750675155867166,112.71219627763143,low,98,0
demo-010887,326,TRANSFER,1304.35,0.08371070068203837,109.18805243461674,low,99,0
demo-011413,342,CASH_OUT,676.89,0.16090206904828583,108.91300151809419,guarded,100,0
demo-011350,339,CASH_OUT,1249.31,0.08578521353554223,107.17232512208827,low,101,0
demo-011566,346,CASH_OUT,991.41,0.10471968614633875,103.8201440423417,guarded,102,0
demo-011949,358,TRANSFER,670.81,0.1526828313288402,102.42117008369928,guarded,103,0
demo-010942,328,CASH_OUT,1278.76,0.07852583491210435,100.41569665220256,low,104,0
demo-010480,312,PAYMENT,844.77,0.1141948656523113,96.46839665710301,guarded,105,0
demo-010558,315,CASH_OUT,711.2,0.13492329928803043,95.95745045364725,guarded,106,0
demo-011135,333,TRANSFER,617.08,0.15513394355545237,95.73005388919856,guarded,107,0
demo-010467,312,TRANSFER,2061.56,0.044878514352598556,92.51975004874308,low,108,0
demo-011438,343,CASH_OUT,916.44,0.10085952895247334,92.43170671320468,guarded,109,0
demo-011782,354,CASH_OUT,996.59,0.0896781939644535,89.37239132303472,low,110,0
demo-011450,343,CASH_OUT,664.37,0.1339821696174368,89.0137340287365,guarded,111,0
demo-010737,320,TRANSFER,2504.49,0.03419936280163434,85.65196214306518,low,112,0
demo-011389,341,TRANSFER,3015.1,0.027599470367307442,83.21516310446867,low,113,0
demo-010556,315,CASH_OUT,1379.98,0.05803162952375951,80.08248811019764,low,114,0
demo-010391,309,TRANSFER,1471.11,0.05376705719950452,79.09725551676308,low,115,1
demo-011355,339,TRANSFER,880.06,0.08851412937412871,77.89774469699572,low,116,0
demo-011252,336,TRANSFER,633.24,0.12282193842812038,77.77576429022295,guarded,117,0
demo-010802,322,CASH_OUT,3346.6,0.02290776286817421,76.66311921463182,low,118,0
demo-011617,348,CASH_OUT,1072.59,0.065945439298392,70.73241873706228,low,119,0
demo-011961,359,TRANSFER,1081.93,0.06500783406559164,70.33392591058558,low,120,0
demo-010377,309,CASH_OUT,903.07,0.07743973313959214,69.93349980637147,low,121,0
demo-010750,321,CASH_OUT,869.35,0.08007395860840866,69.61229591622006,low,122,0
demo-011251,336,TRANSFER,361.53,0.17787332337866602,64.30654260108912,guarded,123,0
demo-011608,348,PAYMENT,809.67,0.07915752028789129,64.09146945149693,low,124,0
demo-010534,314,CASH_OUT,1014.24,0.061135389934375,62.0059578870405,low,125,0
demo-010962,328,CASH_OUT,693.37,0.08161696994507651,56.5907584508177,low,126,0
demo-011432,342,CASH_OUT,1152.89,0.048947795316552925,56.431423742500705,low,127,0
demo-010626,317,CASH_OUT,738.67,0.07542508304961906,55.71424609626211,low,128,0
demo-010772,321,TRANSFER,186.53,0.27322317414162123,50.96431867263661,guarded,129,0
demo-010328,308,CASH_OUT,389.33,0.12943420287669843,50.392618205985,guarded,130,0
demo-010584,316,TRANSFER,318.0,0.15624497514433083,49.685902095897205,guarded,131,0
demo-011790,354,TRANSFER,946.21,0.05174304027876905,48.95978214217406,low,132,0
demo-010844,324,PAYMENT,956.61,0.05076917737056554,48.5663027644567,low,133,0
demo-011408,341,TRANSFER,585.4,0.08112378007374954,47.48986085517298,low,134,0
demo-010893,326,CASH_OUT,303.16,0.15420841467832158,46.749822993879974,guarded,135,0
demo-010821,323,TRANSFER,536.09,0.08594942212009879,46.076625704363764,low,136,1
demo-011762,353,TRANSFER,378.48,0.11951154911790109,45.232731110143206,guarded,137,0
demo-011810,355,TRANSFER,622.21,0.07230986900581664,44.991923594109174,low,138,0
demo-011313,338,TRANSFER,187.96,0.23147274139010277,43.50761647168372,guarded,139,0
demo-010296,307,CASH_OUT,468.02,0.09095157912280344,42.567158061054464,low,140,0
demo-010864,325,TRANSFER,342.38,0.12359457234043081,42.3163096779167,guarded,141,0
demo-011506,345,PAYMENT,869.23,0.04864675844775145,42.285221845539,low,142,0
demo-010736,320,PAYMENT,808.69,0.05149829342936432,41.646154913392635,low,143,0
demo-011242,336,CASH_OUT,338.42,0.11927700246023497,40.36572317259272,guarded,144,0
demo-011597,348,TRANSFER,366.34,0.11010528053611948,40.33596847160201,guarded,145,0
demo-011727,352,TRANSFER,262.38,0.15359758079032937,40.30093324776662,guarded,146,0
demo-011632,349,CASH_OUT,631.11,0.06307277858871072,39.80586129512122,low,147,0
demo-011586,347,PAYMENT,994.03,0.038909305909184254,38.677017352906425,low,148,0
demo-011960,359,PAYMENT,2493.48,0.015142462179997951,37.75742659658129,low,149,0
demo-011924,358,TRANSFER,544.04,0.06774845423950739,36.857869044461594,low,150,0
demo-011386,341,PAYMENT,962.33,0.038231934269305094,36.79173730538037,low,151,0
demo-011639,349,TRANSFER,344.84,0.09821228518584436,33.86752442348657,low,152,0
demo-010904,327,CASH_OUT,583.35,0.055262589788037476,32.23743175285166,low,153,0
demo-011225,335,CASH_OUT,353.07,0.09030397531469006,31.883624564357618,low,154,0
demo-010262,306,TRANSFER,514.89,0.06116272678488486,31.492076394269365,low,155,0
demo-011199,335,TRANSFER,595.59,0.052475314173714656,31.253772368722714,low,156,0
demo-011627,349,TRANSFER,515.3,0.059530648304687774,30.67614307140561,low,157,0
demo-010636,317,TRANSFER,227.29,0.13463955010494413,30.60222334335275,guarded,158,0
demo-010264,306,TRANSFER,637.28,0.0476265705578906,30.35146088513252,low,159,0
demo-010762,321,CASH_OUT,609.9,0.04951715905191696,30.200515305764153,low,160,0
demo-010716,319,PAYMENT,690.36,0.04295490495016805,29.654348181398017,low,161,0
demo-010298,307,CASH_OUT,445.79,0.06571666293032144,29.295831167707995,low,162,0
demo-011987,359,CASH_OUT,463.95,0.06194055537394601,28.73732066574225,low,163,0
demo-010811,323,TRANSFER,381.82,0.07520605216397908,28.71517483725049,low,164,0
demo-011775,353,CASH_OUT,568.12,0.05052395832171629,28.70367120173346,low,165,0
demo-011623,349,PAYMENT,340.74,0.08329444988685965,28.38175085444856,low,166,0
demo-011167,334,CASH_OUT,792.92,0.03458715111807606,27.42484386454487,low,167,0
demo-011940,358,PAYMENT,1070.99,0.025418664908154157,27.22313592998402,low,168,0
demo-010955,328,CASH_OUT,530.18,0.05125014304248107,27.171800838262612,low,169,0
demo-011292,337,TRANSFER,402.7,0.06713840798986156,27.03663689751725,low,170,0
demo-011664,350,CASH_OUT,480.97,0.0561630317660125,27.012733388499033,low,171,0
demo-011005,329,CASH_OUT,1002.36,0.026473754275567425,26.536232335657765,low,172,0
demo-011950,358,TRANSFER,415.23,0.06383672804862857,26.506924587632042,low,173,0
demo-010550,315,CASH_OUT,575.23,0.04603259436386575,26.479329255926498,low,174,0
demo-011466,344,CASH_OUT,249.35,0.1044666922019964,26.048769700567803,guarded,175,0
demo-010927,327,CASH_OUT,205.73,0.125684314683302,25.857034059795716,guarded,176,0
demo-010948,328,CASH_OUT,422.12,0.06097470774999018,25.738643635425852,low,177,0
demo-010950,328,TRANSFER,272.55,0.09314053895258416,25.385453891526815,low,178,0
demo-011169,334,CASH_OUT,696.68,0.03531993535859516,24.606692565626073,low,179,1
demo-011595,348,CASH_OUT,341.14,0.07164664723558092,24.441537237946076,low,180,0
demo-011645,349,CASH_OUT,176.72,0.1368733971192667,24.18826673891681,guarded,181,0
demo-011284,337,TRANSFER,191.97,0.12519606706740347,24.033888994929445,guarded,182,0
demo-010845,324,CASH_OUT,535.22,0.044690148670074745,23.919061371197404,low,183,0
demo-010649,317,TRANSFER,165.0,0.1448819366070916,23.90551954017011,guarded,184,0
demo-011562,346,TRANSFER,368.74,0.0645955785525996,23.81897363548558,low,185,0
demo-011513,345,CASH_OUT,275.29,0.08589063258438752,23.644832244156042,low,186,0
demo-011712,351,TRANSFER,510.62,0.045338700921977095,23.150847464779943,low,187,0
demo-011132,333,TRANSFER,411.54,0.055638730317089845,22.897563074695157,low,188,0
demo-010309,307,TRANSFER,279.01,0.081566496141442,22.75786808842373,low,189,0
demo-010521,314,CASH_OUT,337.3,0.06730205934764796,22.70098461796166,low,190,0
demo-011975,359,TRANSFER,496.2,0.04540105268652018,22.528002343051313,low,191,0
demo-011594,348,TRANSFER,321.75,0.06968535794348486,22.421263918316253,low,192,0
demo-010735,320,TRANSFER,437.42,0.05101144365223025,22.31342568235856,low,193,0
demo-011254,336,PAYMENT,1719.32,0.012649448867932447,21.748450427613616,low,194,0
demo-010949,328,CASH_OUT,618.66,0.03485774239573325,21.56509091054433,low,195,0
demo-010671,318,TRANSFER,421.95,0.0500896434838583,21.13532506801401,low,196,0
demo-010405,310,CASH_OUT,603.46,0.034695459006888876,20.93732169229716,low,197,0
demo-011547,346,PAYMENT,934.65,0.02232856042161364,20.86938899806119,low,198,0
demo-010498,313,TRANSFER,248.85,0.08251656538525316,20.53424729612025,low,199,0
demo-010617,316,TRANSFER,330.96,0.06082691467545244,20.131275680987738,low,200,0
demo-011829,355,DEBIT,1413.72,0.014165594416022628,20.02618413781951,low,201,0
demo-010488,312,PAYMENT,1923.49,0.01031557007565043,19.841895884812846,low,202,0
demo-011716,352,PAYMENT,691.38,0.028585804463838342,19.763653490208554,low,203,0
demo-011262,337,CASH_OUT,276.26,0.06976269442738603,19.272641962509663,low,204,0
demo-011828,355,PAYMENT,680.97,0.028005312920770544,19.07077793965712,low,205,0
demo-010946,328,TRANSFER,501.75,0.03793372304020589,19.033245535423305,low,206,0
demo-011526,345,TRANSFER,117.46,0.16191601473157455,19.018655090370746,guarded,207,0
demo-010933,327,PAYMENT,810.54,0.023268273629380477,18.859866507558053,low,208,0
demo-010769,321,CASH_OUT,532.28,0.03520876071948294,18.740919155766377,low,209,0
demo-010974,329,TRANSFER,264.81,0.07062085285205656,18.7011080437531,low,210,0
demo-011236,336,PAYMENT,558.24,0.033482431993351894,18.691232835968762,low,211,0
demo-011158,334,TRANSFER,445.42,0.04181531349250831,18.625376935833053,low,212,0
demo-011758,353,CASH_OUT,613.17,0.030217038366893965,18.52818141542837,low,213,0
demo-011304,337,TRANSFER,203.11,0.09027334017711963,18.33541812337477,low,214,0
demo-010449,311,CASH_OUT,346.24,0.05217102576624867,18.06369596130594,low,215,0
demo-011036,330,TRANSFER,325.43,0.05545237092329106,18.04586506956661,low,216,0
demo-011920,358,CASH_OUT,382.65,0.047101916054875355,18.023548178398052,low,217,0
demo-011455,343,TRANSFER,394.39,0.045467206425537976,17.93181154216792,low,218,0
demo-010507,313,CASH_OUT,445.55,0.039794665983089214,17.7305134287654,low,219,0
demo-011283,337,CASH_IN,911.36,0.019269439188939957,17.56139609923232,low,220,0
demo-011735,352,TRANSFER,559.11,0.03101697080057503,17.341898544309505,low,221,0
demo-010786,322,CASH_OUT,336.4,0.0513656811881679,17.27941515169968,low,222,0
demo-010823,323,TRANSFER,433.14,0.03986057688344905,17.26521027129712,low,223,0
demo-011806,354,CASH_OUT,512.32,0.03336674175505693,17.094449135950768,low,224,0
demo-011042,330,CASH_OUT,601.92,0.028388191198125662,17.087420045975797,low,225,0
demo-010427,310,CASH_OUT,570.8,0.02947621930341888,16.825025978391498,low,226,0
demo-011124,333,CASH_OUT,603.98,0.02753510044099645,16.630649964353037,low,227,0
demo-011336,338,TRANSFER,173.02,0.09587824357463895,16.58885370328403,low,228,1
demo-010647,317,CASH_OUT,637.28,0.026000524727535775,16.569614398364,low,229,0
demo-011060,331,TRANSFER,415.08,0.03913678523288906,16.24489681446759,low,230,0
demo-011072,331,CASH_IN,823.88,0.019650694405277648,16.189814106620148,low,231,0
demo-010771,321,TRANSFER,247.63,0.0650241797921865,16.10193764193914,low,232,0
demo-010441,311,TRANSFER,484.82,0.03268619545335256,15.846921279694387,low,233,1
demo-011668,350,PAYMENT,693.42,0.022834016536329955,15.833563746621916,low,234,0
demo-010842,324,CASH_OUT,496.23,0.03188408895205507,15.82184146067829,low,235,1
demo-010883,326,CASH_OUT,360.15,0.04368741620248619,15.7340229453254,low,236,0
demo-011282,337,TRANSFER,502.93,0.03104425004429773,15.613084674778658,low,237,0
demo-011424,342,TRANSFER,189.87,0.0822142702778718,15.610023497659519,low,238,0
demo-011295,337,TRANSFER,99.93,0.15555538973461075,15.544650096179653,guarded,239,0
demo-011686,350,CASH_OUT,247.96,0.06258185875867553,15.517797697801186,low,240,1
demo-010321,307,PAYMENT,991.06,0.01537633813304111,15.23887367013172,low,241,0
demo-010713,319,PAYMENT,3359.15,0.0044995058645333225,15.114515124847111,low,242,0
demo-011331,338,CASH_OUT,561.64,0.026717802982564196,15.005786867127354,low,243,0
demo-010573,315,CASH_OUT,545.55,0.02723158705744998,14.856192319191836,low,244,0
demo-010374,309,PAYMENT,997.43,0.014841954058878918,14.803810236947598,low,245,0
demo-010601,316,CASH_OUT,457.47,0.0321781296753414,14.720528982578431,low,246,0
demo-010920,327,CASH_OUT,687.16,0.021399439070444455,14.704838551646612,low,247,1
demo-011115,332,PAYMENT,911.36,0.01608255558377606,14.65699785683015,low,248,0
demo-011787,354,CASH_OUT,196.04,0.07317898661701487,14.346008536399594,low,249,0
demo-011533,346,CASH_OUT,177.64,0.08058077709625452,14.314369243378653,low,250,0
demo-010607,316,CASH_OUT,405.61,0.03420536426915278,13.87403780121106,low,251,0
demo-010396,309,DEBIT,1674.45,0.00825884385763522,13.829021097417295,low,252,0
demo-011534,346,CASH_OUT,339.57,0.04025133413047224,13.668145530684457,low,253,0
demo-011253,336,CASH_OUT,576.66,0.023543452246838292,13.576567172661768,low,254,0
demo-010433,311,TRANSFER,389.91,0.03469566327462529,13.528186067409148,low,255,0
demo-010977,329,PAYMENT,1583.46,0.008520120237690554,13.491269591573484,low,256,0
demo-010597,316,CASH_OUT,373.3,0.035889055805247795,13.397384532099002,low,257,0
demo-011649,349,PAYMENT,1041.39,0.01276521240334491,13.293564544719356,low,258,0
demo-011621,348,CASH_OUT,454.09,0.028709537782052683,13.036714011452302,low,259,0
demo-010590,316,TRANSFER,179.0,0.07171204817163213,12.836456622722151,low,260,0
demo-010497,313,PAYMENT,555.49,0.022576483398240022,12.54101076288835,low,261,0
demo-010291,306,CASH_OUT,338.08,0.03701385103647895,12.513642758412804,low,262,0
demo-011764,353,CASH_OUT,420.17,0.02950854494541556,12.398605329715256,low,263,0
demo-011303,337,PAYMENT,50.64,0.23978806484151288,12.142867603574212,guarded,264,1
demo-011147,333,DEBIT,738.79,0.01603812166489931,11.848803904810962,low,265,0
demo-011675,350,CASH_OUT,251.78,0.0469628028953793,11.824294512998602,low,266,0
demo-011346,339,PAYMENT,299.91,0.038322203391912314,11.493212019268423,low,267,0
demo-011780,354,CASH_OUT,99.14,0.11408496280015043,11.310383212006913,guarded,268,0
demo-011922,358,TRANSFER,183.72,0.06131039672845026,11.263946086950883,low,269,0
demo-011583,347,CASH_OUT,145.33,0.07702602727964038,11.194192544550138,low,270,0
demo-011898,357,PAYMENT,801.25,0.01369262834498413,10.971218461418534,low,271,0
demo-010313,307,TRANSFER,221.84,0.04938748697337403,10.956120110173295,low,272,0
demo-010468,312,DEBIT,1198.31,0.009125839989054961,10.93558531728445,low,273,1
demo-011139,333,CASH_OUT,454.81,0.023963421638464363,10.898803795389977,low,274,0
demo-011363,340,CASH_OUT,331.23,0.032440550232501385,10.745283453511433,low,275,0
demo-011194,335,CASH_OUT,237.72,0.04519026056726089,10.742628742049257,low,276,0
demo-010472,312,CASH_OUT,393.13,0.02724267569847001,10.709913097339514,low,277,0
demo-011434,343,CASH_OUT,162.66,0.06579787607880996,10.702682522979229,low,278,0
demo-010659,318,PAYMENT,555.9,0.019006814658656904,10.565888268747372,low,279,0
demo-011368,340,PAYMENT,248.44,0.042527370340717144,10.565499887447768,low,280,0
demo-010975,329,CASH_OUT,305.4,0.03436813919160866,10.496029709117284,low,281,0
demo-011126,333,CASH_OUT,631.74,0.01660880834484559,10.492448583772752,low,282,0
demo-011433,342,CASH_OUT,339.95,0.030767031859726658,10.459252480714078,low,283,0
demo-011954,358,TRANSFER,334.92,0.030469380791492244,10.204805014686583,low,284,0
demo-011598,348,CASH_OUT,501.07,0.019892511844933177,9.967540910140666,low,285,0
demo-011382,341,TRANSFER,493.42,0.019702527897499867,9.721621315184384,low,286,1
demo-011756,353,DEBIT,1398.31,0.006925333907518232,9.683763656221819,low,287,0
demo-011658,349,CASH_OUT,315.18,0.030595829622139952,9.64319358030607,low,288,0
demo-010832,324,CASH_OUT,304.59,0.031135942761909507,9.483696805850016,low,289,0
demo-010638,317,CASH_OUT,547.6,0.017123461741615793,9.376807649708809,low,290,0
demo-010726,320,TRANSFER,230.18,0.039626155923721866,9.1211485705223,low,291,0
demo-010535,314,CASH_OUT,453.44,0.02010144488674927,9.11479916944759,low,292,0
demo-011527,345,TRANSFER,222.86,0.04050453565090817,9.026840815161394,low,293,0
demo-010315,307,TRANSFER,410.27,0.021805243765505748,8.946037359674042,low,294,0
demo-011134,333,CASH_OUT,267.96,0.03312742696893035,8.876825330594576,low,295,0
demo-011720,352,PAYMENT,603.69,0.014470014734201649,8.735403194890194,low,296,0
demo-011552,346,DEBIT,1288.67,0.006662980360169565,8.586382900739714,low,297,0
demo-010518,314,PAYMENT,41.01,0.2089768543167762,8.570140795530993,guarded,298,0
demo-011644,349,CASH_OUT,273.48,0.031179201224593826,8.52688795090192,low,299,1
demo-011662,350,CASH_OUT,208.01,0.04094074091219967,8.516083517146654,low,300,0
demo-010442,311,CASH_OUT,298.89,0.02835431375872387,8.474820839344977,low,301,0
demo-010804,323,CASH_OUT,226.29,0.037347261883798395,8.451311891684739,low,302,0
demo-011607,348,CASH_OUT,222.94,0.037700531756990126,8.404956549903378,low,303,0
demo-010526,314,CASH_OUT,235.8,0.03556932826297452,8.387247604409392,low,304,0
demo-011507,345,CASH_OUT,439.51,0.01904327726861345,8.369710792328297,low,305,0
demo-010537,314,TRANSFER,105.88,0.07892823149483813,8.356921150673461,low,306,0
demo-011314,338,PAYMENT,333.03,0.02506965206531442,8.34894622731166,low,307,0
demo-011966,359,TRANSFER,228.26,0.03654393583213748,8.3415187930437,low,308,0
demo-011864,356,TRANSFER,227.48,0.036579753940409306,8.321162426364308,low,309,0
demo-011989,359,TRANSFER,281.02,0.029485305147045004,8.285960452422586,low,310,0
demo-011751,353,CASH_OUT,530.85,0.015606995916420745,8.284973782231953,low,311,0
demo-010930,327,TRANSFER,472.83,0.017461868361385215,8.256495217313772,low,312,0
demo-011638,349,TRANSFER,134.74,0.060888490372367376,8.20411519277278,low,313,0
demo-010640,317,PAYMENT,392.99,0.02080285411997236,8.17531364060794,low,314,0
demo-011752,353,TRANSFER,116.56,0.06963567423537531,8.116734188875347,low,315,0
demo-010972,329,TRANSFER,185.43,0.0435377301566423,8.073201302946181,low,316,0
demo-011288,337,DEBIT,330.02,0.024250875477682527,8.003273925144788,low,317,0
demo-011261,337,CASH_OUT,340.55,0.023447446764720267,7.985027995725487,low,318,0
demo-010830,324,CASH_OUT,257.55,0.03067962635901385,7.901537768764018,low,319,0
demo-011012,330,TRANSFER,159.62,0.049312352838444234,7.871237760072469,low,320,0
demo-011773,353,CASH_OUT,331.76,0.023595219305909527,7.827949956928545,low,321,0
demo-011191,335,PAYMENT,369.11,0.020853762293798064,7.697332200263803,low,322,0
demo-011090,332,CASH_IN,699.31,0.01098834258706795,7.684257854562487,low,323,0
demo-011680,350,TRANSFER,188.48,0.04007607102730629,7.553537867226688,low,324,0
demo-010565,315,PAYMENT,577.84,0.012893154874802264,7.450180612855741,low,325,0
demo-011982,359,TRANSFER,443.46,0.016723562304476542,7.416230939543167,low,326,0
demo-010473,312,TRANSFER,523.27,0.014133561066235348,7.395668499128971,low,327,0
demo-011870,356,TRANSFER,176.6,0.041681894932711815,7.361022645116906,low,328,0
demo-011546,346,CASH_OUT,426.92,0.01723599046382167,7.3583890488147485,low,329,0
demo-011141,333,CASH_IN,445.31,0.01634317725264177,7.2777802623739065,low,330,0
demo-010807,323,CASH_IN,249.6,0.028592566050761537,7.136704486270079,low,331,0
demo-010499,313,CASH_OUT,326.07,0.021863077912943774,7.128893815073576,low,332,0
demo-011038,330,CASH_OUT,241.65,0.028957542909638357,6.997590244114109,low,333,0
demo-011344,339,CASH_IN,1087.4,0.006394989126943832,6.953911176638724,low,334,1
demo-010788,322,PAYMENT,412.16,0.016536399270229346,6.815642323217728,low,335,0
demo-010967,329,DEBIT,727.69,0.009331743783316825,6.790616633681821,low,336,0
demo-011061,331,CASH_OUT,503.44,0.013458961996303488,6.7757798274190275,low,337,0
demo-011628,349,TRANSFER,103.65,0.06527347902276234,6.765596100709317,low,338,0
demo-011833,355,CASH_OUT,414.38,0.016300488790468366,6.754596544994282,low,339,0
demo-011471,344,CASH_OUT,422.25,0.015924002722066857,6.72391014939273,low,340,0
demo-011200,335,TRANSFER,409.89,0.01624058808664952,6.656854650836772,low,341,0
demo-010540,314,TRANSFER,125.68,0.05268529364508345,6.621487705314089,low,342,0
demo-011373,340,PAYMENT,276.82,0.023850199052108414,6.602212101604651,low,343,0
demo-010299,307,DEBIT,986.53,0.006574872428600338,6.486308896987092,low,344,0
demo-010789,322,CASH_OUT,475.49,0.013451786315052065,6.396189874944106,low,345,0
demo-010270,306,TRANSFER,317.83,0.01993705778269707,6.33659507507461,low,346,0
demo-010513,313,PAYMENT,333.28,0.018979590868635356,6.325518044698791,low,347,0
demo-010372,309,TRANSFER,165.4,0.03785385258192287,6.261027217050043,low,348,0
demo-010413,310,TRANSFER,164.75,0.03785331785017637,6.2363341158165575,low,349,0
demo-010613,316,PAYMENT,277.38,0.022152721010845006,6.144721753988188,low,350,0
demo-011571,347,CASH_OUT,182.09,0.03324535765269782,6.053647174979747,low,351,0
demo-011305,337,TRANSFER,63.53,0.09349134755483293,5.939505310158537,low,352,1
demo-010566,315,CASH_OUT,143.27,0.041312336621775546,5.918818467801783,low,353,1
demo-011872,356,CASH_OUT,324.6,0.018092602349221287,5.87285872255723,low,354,0
demo-011968,359,CASH_OUT,360.6,0.01626078646527783,5.863639599379185,low,355,0
demo-011701,351,TRANSFER,115.01,0.050677248705559653,5.828390373626416,low,356,0
demo-010581,315,TRANSFER,123.99,0.04698275605011005,5.825391922653145,low,357,0
demo-011853,356,CASH_OUT,252.9,0.022803242163640797,5.766939943184758,low,358,0
demo-011166,334,CASH_OUT,211.35,0.026965937120326057,5.699250810380912,low,359,0
demo-011430,342,CASH_OUT,316.75,0.017965943220733447,5.690712515167319,low,360,0
demo-010406,310,CASH_OUT,353.18,0.016019783847194182,5.657867259152042,low,361,0
demo-011973,359,TRANSFER,315.84,0.01789013307799934,5.650419631355311,low,362,0
demo-011493,345,CASH_IN,479.89,0.011525183768442077,5.530820438637668,low,363,0
demo-011840,355,CASH_IN,509.88,0.010788962622607735,5.501076262015232,low,364,0
demo-011660,349,DEBIT,825.95,0.0066405842313736405,5.484790545903059,low,365,0
demo-011852,356,CASH_OUT,216.55,0.02531972484985553,5.482986416236216,low,366,0
demo-010722,319,DEBIT,885.84,0.006107971047830114,5.410685073009828,low,367,0
demo-011298,337,CASH_OUT,134.34,0.04002510214663372,5.376972222378774,low,368,0
demo-011030,330,PAYMENT,876.47,0.006123772911645396,5.3673032438698405,low,369,0
demo-011532,345,CASH_OUT,302.09,0.017484222352767437,5.281808730547515,low,370,0
demo-010917,327,CASH_OUT,97.51,0.054118655000057476,5.277110049055604,low,371,0
demo-010323,307,PAYMENT,849.84,0.006206015669786123,5.274120356811039,low,372,0
demo-010570,315,PAYMENT,419.68,0.012424481600411062,5.214306438060515,low,373,0
demo-010332,308,TRANSFER,166.55,0.03095811817301548,5.156074581715728,low,374,0
demo-011803,354,PAYMENT,552.9,0.009273479744665112,5.12730695082534,low,375,0
demo-010553,315,TRANSFER,99.75,0.0513739962877012,5.1245561296981945,low,376,1
demo-011094,332,TRANSFER,191.22,0.02670852633027903,5.107204404875956,low,377,0
demo-010587,316,TRANSFER,108.9,0.04648265139356732,5.061960736759481,low,378,0
demo-010483,312,CASH_OUT,155.99,0.03243002151887985,5.058759056730069,low,379,0
demo-011624,349,TRANSFER,271.37,0.01862761429474061,5.05497569116376,low,380,0
demo-011955,358,CASH_OUT,261.07,0.01933939780394841,5.048936584676811,low,381,0
demo-011130,333,TRANSFER,94.19,0.05332529663838044,5.022709690369053,low,382,0
demo-011927,358,TRANSFER,204.09,0.024589985690775907,5.018570179630455,low,383,0
demo-010600,316,CASH_OUT,220.49,0.022691262365011736,5.003196438861438,low,384,0
demo-010973,329,CASH_IN,878.53,0.0056120086445068254,4.930317954458581,low,385,0
demo-011796,354,TRANSFER,333.22,0.014661997451767645,4.885670790878015,low,386,0
demo-010756,321,CASH_OUT,257.37,0.01893396980468334,4.873035808631351,low,387,0
demo-011383,341,PAYMENT,508.46,0.009578616533654733,4.870343362702085,low,388,0
demo-011530,345,PAYMENT,532.21,0.009147578244472682,4.868432617490806,low,389,0
demo-010515,313,PAYMENT,193.95,0.025051051685238534,4.858651474352014,low,390,0
demo-010956,328,CASH_OUT,266.11,0.018234791395876644,4.852460338356734,low,391,0
demo-011281,337,TRANSFER,96.63,0.05012797984994012,4.843866692899714,low,392,0
demo-010846,324,CASH_OUT,148.74,0.03235886240011333,4.813057193392856,low,393,0
demo-011123,333,TRANSFER,215.05,0.0222943900476269,4.794408579742165,low,394,0
demo-011480,344,DEBIT,953.56,0.004994003080164688,4.762081577121839,low,395,0
demo-011893,357,CASH_OUT,299.9,0.015859720014412257,4.756330032322236,low,396,0
demo-011026,330,TRANSFER,277.97,0.016748986467208387,4.655715768289916,low,397,0
demo-010596,316,CASH_OUT,249.86,0.01850150048657299,4.622784911575128,low,398,0
demo-011125,333,TRANSFER,125.68,0.03648803337808667,4.585816034957933,low,399,0
demo-011867,356,CASH_OUT,218.55,0.020930120900719874,4.574277922852328,low,400,0
demo-011419,342,PAYMENT,995.96,0.004538968338467697,4.520630906380287,low,401,0
demo-010531,314,CASH_OUT,167.22,0.026355996474231747,4.407249730421032,low,402,0
demo-010522,314,PAYMENT,273.08,0.016105871251269464,4.3981913212966655,low,403,0
demo-010670,318,TRANSFER,119.9,0.03657306716429637,4.385110752999135,low,404,0
demo-010900,326,CASH_OUT,213.29,0.020509703771052767,4.374514717327845,low,405,0
demo-011952,358,CASH_IN,258.75,0.01678539119079804,4.343219970618993,low,406,0
demo-010426,310,CASH_OUT,162.73,0.02653928150523806,4.318737279347389,low,407,0
demo-011066,331,CASH_OUT,224.65,0.019158011090314127,4.303847191439068,low,408,0
demo-011878,356,CASH_OUT,265.57,0.016185438760476054,4.298366971619625,low,409,0
demo-010760,321,TRANSFER,126.89,0.033623863293668024,4.266532013333536,low,410,0
demo-011618,348,TRANSFER,219.36,0.019433199418183136,4.262866624372653,low,411,0
demo-011375,340,PAYMENT,328.76,0.01266319386748547,4.163151615874523,low,412,0
demo-010409,310,PAYMENT,616.53,0.006746795348006898,4.159601735906693,low,413,0
demo-011366,340,TRANSFER,114.66,0.036106083054101186,4.139923482983241,low,414,0
demo-011854,356,PAYMENT,547.69,0.007481333166204561,4.097451361798576,low,415,0
demo-010747,320,TRANSFER,570.41,0.007060712186571983,4.027500838342524,low,416,0
demo-011933,358,TRANSFER,314.58,0.012703788473096897,3.996357777866822,low,417,0
demo-010793,322,PAYMENT,463.53,0.00850592726594955,3.942752465585595,low,418,0
demo-011948,358,CASH_OUT,198.01,0.019888216898714593,3.9380658281144765,low,419,0
demo-011792,354,CASH_OUT,246.27,0.015926940827688266,3.9223277176347895,low,420,0
demo-011395,341,TRANSFER,96.58,0.040564599254349944,3.9177289959851174,low,421,0
demo-010420,310,TRANSFER,196.4,0.01985258869928732,3.8990484205400295,low,422,0
demo-011034,330,DEBIT,566.69,0.006877254036021581,3.8972710896730702,low,423,0
demo-010687,318,CASH_OUT,304.3,0.012801809294724863,3.895590568384776,low,424,0
demo-010478,312,PAYMENT,363.57,0.010626920341612188,3.863629428599943,low,425,0
demo-011561,346,PAYMENT,228.59,0.01666949708656259,3.8104803390173423,low,426,0
demo-010337,308,TRANSFER,237.95,0.0160094412040521,3.8094465345041972,low,427,0
demo-011871,356,TRANSFER,119.53,0.03146838482586858,3.761416038236071,low,428,0
demo-011137,333,CASH_OUT,378.39,0.009921218565193011,3.7540898928833832,low,429,0
demo-011138,333,PAYMENT,519.31,0.0072171092094555165,3.747916983562344,low,430,0
demo-010818,323,TRANSFER,89.21,0.041668922948220284,3.717284616210731,low,431,0
demo-010326,307,PAYMENT,531.72,0.006958993041717251,3.700235780141897,low,432,0
demo-010331,308,PAYMENT,496.57,0.007425593032855684,3.687326732325147,low,433,0
demo-011743,352,TRANSFER,119.29,0.03088484778230176,3.6842534919507774,low,434,0
demo-011673,350,CASH_OUT,273.23,0.013365498074953425,3.651855039019525,low,435,0
demo-010486,312,PAYMENT,257.85,0.014107744617426567,3.6376819496034405,low,436,0
demo-010839,324,TRANSFER,160.69,0.02240635877829469,3.600477792084174,low,437,0
demo-011232,336,PAYMENT,230.1,0.015571617304240235,3.583029141705678,low,438,0
demo-010764,321,TRANSFER,45.79,0.07791875471380319,3.567899778345048,low,439,0
demo-010509,313,CASH_OUT,91.21,0.03867064586599737,3.5271496094376196,low,440,0
demo-011098,332,TRANSFER,207.96,0.016811121142020092,3.4960407526944985,low,441,0
demo-011407,341,CASH_OUT,265.69,0.013087015346214322,3.477089107335683,low,442,0
demo-011238,336,CASH_OUT,101.91,0.034117612156338024,3.476925854852408,low,443,0
demo-011482,344,CASH_OUT,168.87,0.02044732401184054,3.4529396058795117,low,444,0
demo-010593,316,CASH_OUT,280.51,0.012248209090243161,3.4357451319041092,low,445,0
demo-010697,319,CASH_OUT,136.31,0.02517169446649455,3.431153672727872,low,446,1
demo-010862,325,CASH_IN,340.8,0.009943314652256181,3.3886816334889067,low,447,0
demo-011943,358,CASH_OUT,227.32,0.01473871744336919,3.3504052492266845,low,448,0
demo-010742,320,TRANSFER,94.42,0.03529031300844308,3.332111354257196,low,449,0
demo-010471,312,PAYMENT,62.44,0.053244149779086224,3.3245647122061435,low,450,0
demo-010510,313,CASH_OUT,457.86,0.007205092261700464,3.2989235429421746,low,451,0
demo-011521,345,PAYMENT,410.25,0.007956767827632029,3.26426400128604,low,452,0
demo-011400,341,PAYMENT,253.02,0.012891491956429548,3.2618052948158045,low,453,0
demo-011554,346,CASH_OUT,235.33,0.01355862197875803,3.190750510261127,low,454,0
demo-010982,329,CASH_OUT,179.16,0.017766616136042565,3.183066946933386,low,455,1
demo-011271,337,PAYMENT,85.29,0.03725508371216613,3.1774860898106496,low,456,0
demo-011798,354,CASH_IN,188.29,0.016473726201787647,3.101837906534596,low,457,0
demo-010870,325,TRANSFER,105.56,0.02923530339050717,3.0860786259019366,low,458,0
demo-011223,335,CASH_OUT,218.9,0.014090760684895128,3.0844675139235433,low,459,1
demo-010474,312,PAYMENT,206.89,0.014883090840005973,3.0791626638888356,low,460,0
demo-010431,311,CASH_OUT,420.05,0.007286301564067741,3.0606109719866548,low,461,0
demo-011781,354,TRANSFER,95.99,0.03175595921721454,3.048254525260423,low,462,0
demo-011193,335,CASH_OUT,176.63,0.017194503130087822,3.037065087867412,low,463,0
demo-010417,310,PAYMENT,492.82,0.006151114580196889,3.031392287412631,low,464,0
demo-010819,323,PAYMENT,366.18,0.00825323201160553,3.022168498009713,low,465,0
demo-011006,329,PAYMENT,485.88,0.006208913753005384,3.016787014310256,low,466,0
demo-011127,333,PAYMENT,475.13,0.006291261797735838,2.9891672179582285,low,467,0
demo-011279,337,CASH_IN,213.31,0.013987015910211313,2.9835703638071753,low,468,0
demo-011848,356,CASH_IN,681.42,0.004331523829560389,2.95158696793904,low,469,1
demo-010524,314,PAYMENT,178.3,0.016418230408100826,2.9273704817643775,low,470,0
demo-011545,346,CASH_OUT,116.59,0.024979279703451814,2.9123342206254472,low,471,0
demo-011257,336,CASH_OUT,103.25,0.028064501628469286,2.8976597931394537,low,472,0
demo-011606,348,PAYMENT,136.27,0.021228196884282662,2.892766389421199,low,473,0
demo-011461,343,CASH_OUT,230.8,0.012515324589836592,2.8885369153342855,low,474,0
demo-010457,311,TRANSFER,118.5,0.023819072509723236,2.8225600924022034,low,475,0
demo-010527,314,CASH_IN,178.06,0.015847212013572923,2.8217545711367946,low,476,0
demo-011133,333,CASH_IN,223.17,0.012611085898273875,2.8144160399177807,low,477,0
demo-010891,326,CASH_OUT,252.95,0.011025132347625043,2.7888072273317546,low,478,0
demo-011267,337,CASH_OUT,85.51,0.032554476272280176,2.783733266042678,low,479,0
demo-010470,312,DEBIT,350.95,0.007916379182089275,2.778253273954231,low,480,0
demo-011004,329,PAYMENT,341.63,0.008049271774752597,2.74987271640873,low,481,0
demo-011907,357,PAYMENT,130.13,0.021094512859490062,2.7450289584054417,low,482,0
demo-011737,352,PAYMENT,370.6,0.007367803770934455,2.730508077508309,low,483,0
demo-010924,327,PAYMENT,567.03,0.0047980916012544126,2.7206618806592893,low,484,0
demo-010932,327,CASH_OUT,94.12,0.02869057383042806,2.700356808919889,low,485,0
demo-011998,359,PAYMENT,402.26,0.006688033348257666,2.690328294670129,low,486,0
demo-011687,350,CASH_OUT,160.19,0.01672179156884083,2.678663791412612,low,487,0
demo-011757,353,TRANSFER,179.34,0.014878824200975369,2.6683683322029226,low,488,0
demo-011602,348,CASH_OUT,307.62,0.00867219323570166,2.6677400831665445,low,489,1
demo-011700,351,PAYMENT,252.8,0.010453858204065,2.6427353539876317,low,490,0
demo-010963,328,TRANSFER,208.66,0.012524577796135713,2.613378402941678,low,491,0
demo-011272,337,PAYMENT,175.42,0.014826991579702164,2.6009508629113536,low,492,0
demo-011120,333,CASH_OUT,85.9,0.029935927465748937,2.5714961693078338,low,493,0
demo-010440,311,CASH_OUT,136.19,0.018709238186558154,2.548011148627355,low,494,0
demo-010271,306,TRANSFER,94.97,0.026596605384054096,2.5258796133236174,low,495,0
demo-010631,317,CASH_OUT,198.99,0.012596185530609748,2.506514958736034,low,496,0
demo-011231,336,TRANSFER,57.26,0.04317052203933343,2.471944091972232,low,497,0
demo-010324,307,CASH_OUT,230.34,0.010729781558113341,2.471497884095827,low,498,0
demo-010551,315,PAYMENT,111.26,0.022172109373890594,2.4668688889390675,low,499,0
demo-011875,356,CASH_IN,252.31,0.009739035687316018,2.4572560942667048,low,500,0
demo-010835,324,PAYMENT,361.52,0.006744750484731503,2.438362195240133,low,501,0
demo-010746,320,CASH_IN,471.45,0.00514434403394872,2.425300994805124,low,502,0
demo-011910,357,PAYMENT,266.97,0.008989970746719492,2.400052490251703,low,503,0
demo-011157,334,TRANSFER,113.37,0.020961631899563814,2.3764202084535495,low,504,0
demo-010665,318,CASH_OUT,239.72,0.009902833801175254,2.3739073188177318,low,505,0
demo-011360,340,TRANSFER,226.66,0.010440320763457077,2.366403104245181,low,506,0
demo-011986,359,CASH_IN,575.99,0.004076907648593328,2.348258036513271,low,507,0
demo-010848,324,CASH_OUT,317.35,0.007381754385629579,2.342599754279547,low,508,0
demo-011599,348,PAYMENT,294.76,0.007939762915925082,2.340324517098077,low,509,0
demo-010282,306,CASH_OUT,106.49,0.02179565198935826,2.321018980346761,low,510,0
demo-011568,346,CASH_OUT,130.47,0.017640199490353618,2.3015168275064366,low,511,0
demo-011845,356,DEBIT,628.33,0.003657462859822579,2.298093638712321,low,512,0
demo-010342,308,CASH_OUT,265.33,0.00865226060769726,2.2957043070403143,low,513,0
demo-010763,321,CASH_IN,535.02,0.00427501541441973,2.2872187470228442,low,514,0
demo-011541,346,CASH_OUT,129.9,0.017410282781514554,2.2615957333187406,low,515,0
demo-011969,359,CASH_IN,318.94,0.007058748993859879,2.2513174041016697,low,516,0
demo-011317,338,CASH_OUT,137.63,0.0162894673866972,2.2419193964311357,low,517,0
demo-011369,340,CASH_OUT,82.68,0.026918237116603624,2.225599844800788,low,518,0
demo-011653,349,PAYMENT,329.31,0.006737193571309593,2.218625214967962,low,519,0
demo-010978,329,TRANSFER,113.98,0.01936010026427124,2.2066642281216358,low,520,0
demo-011692,351,TRANSFER,164.61,0.01334776721402506,2.1971759611006654,low,521,0
demo-011892,357,TRANSFER,271.38,0.008035378610537033,2.18064104732754,low,522,0
demo-010833,324,PAYMENT,197.17,0.011047449957076743,2.1782257080368215,low,523,0
demo-011584,347,CASH_OUT,148.42,0.014665018221699064,2.1765820044645747,low,524,0
demo-011505,345,PAYMENT,326.71,0.006534594852027985,2.134917484106063,low,525,0
demo-010574,315,TRANSFER,57.12,0.037253073504148054,2.127895558556937,low,526,0
demo-011197,335,CASH_OUT,334.67,0.006320109392724781,2.1151510104632023,low,527,0
demo-010319,307,CASH_OUT,130.74,0.016052260054110833,2.0986724794744505,low,528,1
demo-011203,335,CASH_OUT,176.7,0.011773398643180213,2.0803595402499435,low,529,0
demo-010312,307,TRANSFER,162.74,0.012769506800700723,2.0781095367460356,low,530,0
demo-011740,352,CASH_OUT,300.05,0.006894636892372982,2.068735799556513,low,531,0
demo-010654,317,CASH_IN,521.99,0.0039257976836373715,2.0492271328818714,low,532,0
demo-011339,339,CASH_OUT,163.55,0.012509361054770497,2.0459060005077148,low,533,0
demo-010502,313,CASH_OUT,146.42,0.013947262341597768,2.042158152056745,low,534,0
demo-010919,327,CASH_OUT,202.3,0.009985602133167924,2.020087311539871,low,535,0
demo-011009,330,CASH_OUT,329.16,0.006116956634059109,2.0134574456668966,low,536,0
demo-011555,346,CASH_IN,144.77,0.013896307984640751,2.0117685069364417,low,537,0
demo-011064,331,TRANSFER,232.72,0.008629401623958659,2.0082343459276593,low,538,0
demo-011362,340,CASH_OUT,118.63,0.016918584276052855,2.00705165266815,low,539,0
demo-010706,319,CASH_OUT,174.42,0.011487251462982035,2.0036064001733265,low,540,0
demo-010699,319,TRANSFER,77.51,0.02584387848853852,2.0031590216466206,low,541,0
demo-010675,318,TRANSFER,87.9,0.022739336734073096,1.9987876989250253,low,542,0
demo-011464,343,PAYMENT,295.32,0.006764485152843138,1.9976877553376355,low,543,0
demo-011896,357,TRANSFER,48.81,0.0408011890604411,1.9915060380401302,low,544,0
demo-010545,314,PAYMENT,96.77,0.02057575431916951,1.9911157454660333,low,545,0
demo-011301,337,DEBIT,327.82,0.00604113790620424,1.980405828411874,low,546,0
demo-011270,337,CASH_IN,306.4,0.006450016771754655,1.9762851388656262,low,547,0
demo-010539,314,CASH_IN,145.54,0.013468321487712922,1.9601795093217387,low,548,0
demo-010637,317,PAYMENT,368.8,0.005285140675514607,1.949159881129787,low,549,0
demo-010278,306,PAYMENT,403.97,0.004821151417174352,1.947600537995923,low,550,0
demo-011325,338,PAYMENT,149.83,0.01299327453199642,1.9467823231290238,low,551,0
demo-010333,308,PAYMENT,554.81,0.0034942220395615493,1.938629329769143,low,552,0
demo-011603,348,CASH_OUT,191.1,0.01009797379396308,1.9297227920263447,low,553,0
demo-010661,318,TRANSFER,122.22,0.015746969792036707,1.9245946479827263,low,554,0
demo-010678,318,TRANSFER,70.67,0.02720890455200677,1.9228532846903184,low,555,0
demo-011079,332,CASH_OUT,351.27,0.00545277716623039,1.915397035181749,low,556,0
demo-010767,321,PAYMENT,275.26,0.0069562013985913565,1.9147639969762567,low,557,0
demo-011919,358,CASH_OUT,230.89,0.008251589199585328,1.9052094302922562,low,558,0
demo-011397,341,PAYMENT,163.16,0.011673024808446062,1.9045707277460595,low,559,0
demo-010806,323,PAYMENT,179.56,0.010585214500003791,1.9006811156206807,low,560,0
demo-011378,340,PAYMENT,172.81,0.010958634578626022,1.8937616415323628,low,561,0
demo-011514,345,PAYMENT,353.59,0.005347175060180916,1.8907076295293699,low,562,0
demo-010784,322,PAYMENT,105.72,0.01786109964019981,1.888275453961924,low,563,0
demo-011994,359,CASH_OUT,93.29,0.02021436394553413,1.8857980124788791,low,564,1
demo-011581,347,TRANSFER,92.69,0.020325626102912515,1.883982283478961,low,565,0
demo-011246,336,CASH_IN,555.78,0.0033758883786892033,1.8762512431078853,low,566,0
demo-011866,356,CASH_OUT,175.1,0.010666551289133804,1.867713130727329,low,567,1
demo-010655,317,PAYMENT,264.48,0.006994642686762838,1.8499430977950355,low,568,0
demo-011540,346,TRANSFER,141.01,0.01304410332749323,1.8393490102098202,low,569,0
demo-010348,308,TRANSFER,154.62,0.011885000428622927,1.837658766273677,low,570,0
demo-010495,312,CASH_OUT,40.65,0.04510564542638758,1.833544486582655,low,571,0
demo-011159,334,PAYMENT,258.78,0.007031483983756117,1.8196074253164078,low,572,0
demo-011050,331,PAYMENT,359.08,0.005049851780341372,1.8133007772849798,low,573,0
demo-011585,347,TRANSFER,54.72,0.03313001209872623,1.8128742620422993,low,574,0
demo-011991,359,CASH_OUT,102.12,0.01774134511020998,1.8117461626546432,low,575,0
demo-010256,306,PAYMENT,287.49,0.006200481625503122,1.7825764625158926,low,576,0
demo-010520,314,PAYMENT,458.72,0.0038829889073213205,1.7812046715664362,low,577,0
demo-010773,321,CASH_OUT,175.0,0.010142332590137828,1.77490820327412,low,578,0
demo-011104,332,CASH_IN,560.23,0.0031625561479807695,1.7717588307832666,low,579,0
demo-011487,345,CASH_OUT,125.45,0.01408384125445577,1.7668178853714764,low,580,0
demo-011736,352,CASH_OUT,57.41,0.0306843584664182,1.761589019557069,low,581,0
demo-010267,306,CASH_OUT,132.75,0.013199980665977737,1.7522974334085446,low,582,0
demo-010317,307,PAYMENT,479.27,0.003623596428787165,1.7366810604248244,low,583,0
demo-011214,335,CASH_OUT,185.02,0.009375825338843067,1.7347152041927445,low,584,0
demo-011750,353,PAYMENT,440.05,0.003941810617952522,1.7345937624300074,low,585,0
demo-010464,312,CASH_OUT,48.65,0.03557683442938428,1.7308129949895452,low,586,0
demo-010265,306,CASH_OUT,282.65,0.006076479574860472,1.7175169518343123,low,587,1
demo-010541,314,PAYMENT,144.79,0.011854782898462734,1.7164540158684192,low,588,0
demo-011789,354,CASH_OUT,202.89,0.00845170066700278,1.714765548328194,low,589,0
demo-011556,346,TRANSFER,76.16,0.02248321278446091,1.7123214856645428,low,590,0
demo-011826,355,CASH_OUT,134.0,0.012611794638396012,1.6899804815450656,low,591,0
demo-011446,343,CASH_OUT,99.42,0.016842137193996656,1.6744452798271476,low,592,0
demo-010482,312,PAYMENT,51.23,0.03260856988086625,1.670537034996778,low,593,0
demo-010592,316,CASH_OUT,204.5,0.008156926338298166,1.668091436181975,low,594,0
demo-011341,339,DEBIT,340.46,0.004889502982714212,1.6646801854948805,low,595,0
demo-011557,346,TRANSFER,68.0,0.024173424376103023,1.6437928575750056,low,596,0
demo-011087,332,CASH_OUT,101.88,0.016100965341674205,1.640366349009768,low,597,0
demo-011841,355,DEBIT,480.78,0.003410352212350087,1.6396291366536746,low,598,0
demo-011811,355,TRANSFER,70.84,0.023025250803787093,1.6311087669402777,low,599,0
demo-011425,342,TRANSFER,84.69,0.019088908961770748,1.6166396999723647,low,600,0
demo-010512,313,CASH_OUT,36.9,0.043604600410990936,1.6090097551655655,low,601,0
demo-011564,346,PAYMENT,147.14,0.01090928948458995,1.6051928547625651,low,602,0
demo-011880,356,PAYMENT,250.8,0.00633493589744737,1.5888019230798005,low,603,0
demo-010434,311,CASH_OUT,174.24,0.009113419437914968,1.5879222028623041,low,604,0
demo-011033,330,PAYMENT,302.56,0.005236170327443001,1.5842556942711543,low,605,0
demo-010389,309,PAYMENT,291.41,0.005429451942762708,1.582196590640481,low,606,0
demo-011860,356,TRANSFER,85.07,0.018311081296849083,1.5577236859229513,low,607,0
demo-011977,359,TRANSFER,147.32,0.010566885182307272,1.5567135250575073,low,608,0
demo-011802,354,DEBIT,458.82,0.003383902432311172,1.552602113993012,low,609,0
demo-010546,314,CASH_OUT,108.26,0.014309104828246363,1.5491036887059513,low,610,1
demo-010575,315,CASH_OUT,81.57,0.018973978249865246,1.547707405841508,low,611,0
demo-011265,337,PAYMENT,124.23,0.012412689714890896,1.542028443280896,low,612,0
demo-010261,306,TRANSFER,133.9,0.011500214114584028,1.5398786699428013,low,613,0
demo-011017,330,PAYMENT,446.94,0.0034379712014040286,1.5365668487555166,low,614,0
demo-010965,328,PAYMENT,226.59,0.006770483031292301,1.5341237500605225,low,615,0
demo-011563,346,PAYMENT,393.27,0.0038947004769029564,1.5316688565516257,low,616,0
demo-011511,345,CASH_OUT,98.87,0.015485437234313646,1.5310451793565902,low,617,0
demo-010465,312,PAYMENT,239.98,0.006357833094843011,1.5257527861004259,low,618,0
demo-011083,332,TRANSFER,143.82,0.010568402649712266,1.519947669081618,low,619,0
demo-010751,321,PAYMENT,71.45,0.021233532985202145,1.5171359317926933,low,620,0
demo-011997,359,PAYMENT,171.76,0.008806928065144836,1.512677964469277,low,621,0
demo-011548,346,PAYMENT,223.19,0.006678830622477562,1.490648206630767,low,622,0
demo-011307,338,TRANSFER,65.81,0.02244440037731766,1.4770659888312752,low,623,1
demo-010359,309,TRANSFER,62.2,0.023715725878070783,1.4751181496160028,low,624,0
demo-011779,354,CASH_OUT,170.9,0.008570963054559861,1.4647775860242802,low,625,0
demo-010960,328,TRANSFER,70.52,0.02075242930523611,1.4634613146052504,low,626,0
demo-011411,341,TRANSFER,156.58,0.00934176841364159,1.4627340982080004,low,627,0
demo-011491,345,PAYMENT,199.96,0.007266025686868583,1.452914496346242,low,628,0
demo-011490,345,PAYMENT,167.8,0.008626762748395201,1.4475707891807148,low,629,0
demo-011895,357,TRANSFER,107.2,0.013489075874948638,1.446028933794494,low,630,0
demo-010568,315,TRANSFER,73.75,0.019432505555102963,1.4331472846888436,low,631,0
demo-011842,356,PAYMENT,266.95,0.005362152277338089,1.431426550435403,low,632,0
demo-011351,339,PAYMENT,59.27,0.024115696697294135,1.4293373432486234,low,633,0
demo-011894,357,CASH_OUT,130.52,0.010892521077399813,1.4216918510222236,low,634,0
demo-011525,345,DEBIT,393.54,0.0036066594412016433,1.4193647564904948,low,635,0
demo-010475,312,PAYMENT,287.95,0.004901933038434789,1.4115116184172973,low,636,0
demo-011926,358,DEBIT,511.73,0.0027547283364631947,1.4096771316183108,low,637,0
demo-010644,317,PAYMENT,76.44,0.01841372117075362,1.4075448462924067,low,638,0
demo-010822,323,PAYMENT,164.31,0.008549697126553483,1.4048007348640028,low,639,0
demo-010643,317,PAYMENT,53.28,0.02634973997039806,1.4039141456228088,low,640,0
demo-010834,324,TRANSFER,75.82,0.018510785640444456,1.4034877672584984,low,641,0
demo-011163,334,CASH_IN,161.73,0.008666723502365886,1.4016691920376347,low,642,0
demo-011999,359,CASH_OUT,130.25,0.010730314582235615,1.3976234743361888,low,643,0
demo-010874,325,PAYMENT,297.65,0.004678498827176943,1.392555175909217,low,644,0
demo-011099,332,TRANSFER,90.55,0.015344315796205248,1.3894277953463852,low,645,0
demo-011114,332,CASH_OUT,138.41,0.009981038513555324,1.3814755406611925,low,646,0
demo-010876,325,PAYMENT,135.65,0.010182364740766232,1.3812377770849396,low,647,0
demo-011121,333,CASH_OUT,124.83,0.011050260740594042,1.3794040482483543,low,648,0
demo-010991,329,CASH_OUT,103.75,0.0132437211143773,1.3740360656166448,low,649,0
demo-011691,351,CASH_IN,469.14,0.002913561085088958,1.3668680474586337,low,650,0
demo-011213,335,TRANSFER,130.58,0.010466834006208426,1.3667591845306963,low,651,0
demo-011457,343,PAYMENT,376.66,0.003621938781716998,1.3642394615215245,low,652,0
demo-010908,327,PAYMENT,222.64,0.006088208088014582,1.3554786487155666,low,653,0
demo-010646,317,PAYMENT,176.78,0.007662399982772719,1.3545590689545612,low,654,0
demo-011449,343,CASH_OUT,266.71,0.005063527634442242,1.3504934553820902,low,655,0
demo-011504,345,CASH_OUT,179.04,0.007528163534922648,1.3478423992925508,low,656,0
demo-010907,327,TRANSFER,57.12,0.023586616942261232,1.3472675597419614,low,657,0
demo-011659,349,CASH_IN,150.78,0.008933057408316517,1.3469263960259645,low,658,0
demo-011293,337,CASH_OUT,82.59,0.01625461444780286,1.3424686072440384,low,659,0
demo-011269,337,PAYMENT,99.81,0.013430768853384312,1.3405250392562882,low,660,0
demo-011390,341,PAYMENT,274.13,0.004857492052281017,1.3315842962917952,low,661,0
demo-011831,355,CASH_OUT,139.15,0.009508090813239365,1.3230508366622578,low,662,0
demo-011321,338,PAYMENT,190.11,0.006952800934847885,1.3217969857239316,low,663,0
demo-011945,358,PAYMENT,386.53,0.003387789081623882,1.3094821137200792,low,664,0
demo-011963,359,TRANSFER,102.07,0.012801114596053943,1.3066097668192258,low,665,0
demo-011596,348,CASH_IN,275.6,0.004740424193150937,1.3064609076323983,low,666,0
demo-011791,354,CASH_IN,370.44,0.0035262477511576,1.3062632169388213,low,667,0
demo-011312,338,CASH_OUT,39.75,0.03280033393574857,1.3038132739460055,low,668,0
demo-011921,358,TRANSFER,161.26,0.008051554998779506,1.298393759103183,low,669,0
demo-010586,316,PAYMENT,144.04,0.008872269700336036,1.2779617276364026,low,670,0
demo-011813,355,DEBIT,1025.36,0.0012455027951319122,1.2770887460164575,low,671,0
demo-010727,320,CASH_OUT,103.0,0.01237364847041464,1.274485792452708,low,672,0
demo-010334,308,PAYMENT,82.07,0.01541295264076169,1.264941023227312,low,673,0
demo-011536,346,PAYMENT,104.48,0.012099078660868673,1.264111738487559,low,674,0
demo-011846,356,TRANSFER,51.1,0.024709151955917642,1.2626376649473916,low,675,0
demo-010758,321,PAYMENT,171.28,0.007329520458773702,1.2554002641787596,low,676,0
demo-011112,332,CASH_IN,211.69,0.005922923829692505,1.2538237455076064,low,677,0
demo-010799,322,PAYMENT,265.42,0.004715054278166024,1.2514697065108262,low,678,0
demo-010408,310,PAYMENT,376.0,0.003318863971368076,1.2478928532343965,low,679,0
demo-010279,306,CASH_IN,231.97,0.005370994421379069,1.2459095759273027,low,680,0
demo-010344,308,PAYMENT,258.49,0.004807528853217573,1.2426981332682105,low,681,0
demo-010717,319,CASH_OUT,172.32,0.007129626022093593,1.228577156127168,low,682,0
demo-010525,314,PAYMENT,35.63,0.0343504394975219,1.2239061592967055,low,683,0
demo-010395,309,CASH_OUT,102.23,0.011913218468638387,1.2178883240489022,low,684,0
demo-011029,330,PAYMENT,130.42,0.009319396134401838,1.2154356438486875,low,685,0
demo-010560,315,PAYMENT,157.12,0.007712806303357672,1.2118361263835575,low,686,0
demo-010639,317,DEBIT,133.94,0.009016753333999691,1.2077039415559185,low,687,0
demo-010343,308,CASH_IN,303.38,0.003940886971167347,1.1955862893127498,low,688,0
demo-010557,315,PAYMENT,175.7,0.006784352821159162,1.1920107906776647,low,689,0
demo-010882,326,PAYMENT,165.71,0.007186869705350364,1.190936178873609,low,690,0
demo-011421,342,PAYMENT,350.85,0.0033764152086845135,1.1846152759669617,low,691,0
demo-011903,357,CASH_OUT,67.42,0.01751521700687302,1.180875930603379,low,692,0
demo-011463,343,CASH_OUT,308.05,0.0038067910559189864,1.1726819847758438,low,693,0
demo-011512,345,PAYMENT,243.35,0.0047724141231725034,1.1613669768740287,low,694,0
demo-011427,342,CASH_IN,292.72,0.003937939760221749,1.1527137266121104,low,695,0
demo-011302,337,PAYMENT,102.79,0.011132053814132322,1.1442638115546615,low,696,0
demo-010345,308,CASH_IN,141.12,0.007980818758028436,1.126253143132973,low,697,0
demo-011278,337,CASH_OUT,234.67,0.004799287622759786,1.1262488264330388,low,698,0
demo-011825,355,TRANSFER,133.24,0.008433903377038112,1.123733285956558,low,699,0
demo-010867,325,PAYMENT,209.26,0.005362713308283055,1.122201386891312,low,700,0
demo-011247,336,CASH_OUT,81.95,0.013654296249216274,1.1189695776232738,low,701,0
demo-011394,341,PAYMENT,129.37,0.00863024333594422,1.1164945803711037,low,702,0
demo-010827,323,CASH_IN,426.57,0.002612140302607114,1.1142606888831166,low,703,0
demo-011669,350,PAYMENT,24.27,0.04584795874234351,1.112729958676677,low,704,0
demo-011008,330,PAYMENT,417.26,0.002665389951105616,1.1121606109983293,low,705,0
demo-010931,327,CASH_IN,217.8,0.0050983569838381265,1.110422151079944,low,706,0
demo-010353,308,TRANSFER,78.97,0.014052259999717626,1.1097069721777009,low,707,0
demo-010252,306,PAYMENT,285.19,0.0038788285256947334,1.106203107242881,low,708,0
demo-011243,336,PAYMENT,87.7,0.012511350591261294,1.0972454468536155,low,709,0
demo-011148,333,CASH_OUT,100.29,0.010937462715252744,1.0969181357126978,low,710,0
demo-010916,327,CASH_OUT,249.59,0.0043657338017179075,1.0896434995707724,low,711,0
demo-011268,337,PAYMENT,126.56,0.00859065660067439,1.0872334993813508,low,712,0
demo-010816,323,TRANSFER,220.61,0.004908208313984154,1.0827998361480442,low,713,0
demo-010694,319,TRANSFER,144.66,0.007475591058360082,1.0814190025023693,low,714,0
demo-011046,331,CASH_IN,441.96,0.0024427132873563926,1.0795815644800313,low,715,0
demo-011886,357,PAYMENT,468.37,0.002302329095969313,1.078341878679147,low,716,0
demo-011522,345,PAYMENT,160.6,0.0066765798602760095,1.072258725560327,low,717,0
demo-010459,311,CASH_OUT,151.55,0.007024443238323459,1.0645543727679203,low,718,0
demo-011589,347,CASH_OUT,74.22,0.014295868931923273,1.0610393921273453,low,719,0
demo-011458,343,PAYMENT,286.59,0.003690757731034773,1.0577342581372555,low,720,0
demo-011946,358,CASH_OUT,85.41,0.012311881754492339,1.0515578206511906,low,721,0
demo-010693,319,CASH_OUT,408.87,0.0025670326504974796,1.0495826398089045,low,722,0
demo-011869,356,PAYMENT,403.41,0.0025857326122486605,1.0431103931072323,low,723,0
demo-011245,336,CASH_OUT,76.33,0.01358807137752268,1.037177488246306,low,724,0
demo-011957,358,TRANSFER,144.85,0.007144608175157118,1.0348964941715084,low,725,0
demo-010491,312,CASH_IN,139.43,0.007405266779319712,1.0325163470405474,low,726,0
demo-011665,350,CASH_OUT,88.06,0.011719231771465322,1.0319955497952362,low,727,0
demo-010621,316,PAYMENT,75.55,0.013647754559944823,1.0310878570038313,low,728,0
demo-010851,324,PAYMENT,182.75,0.005635465923653069,1.0298813975475984,low,729,0
demo-011230,336,CASH_OUT,70.8,0.014538475244019746,1.0293240472765979,low,730,0
demo-010501,313,CASH_OUT,37.85,0.02714956211958354,1.027610926226237,low,731,0
demo-010508,313,PAYMENT,70.05,0.014600408651386286,1.0227586260296093,low,732,0
demo-011372,340,PAYMENT,221.73,0.004606886208705274,1.0214848790562203,low,733,0
demo-010277,306,TRANSFER,60.27,0.01691906698627283,1.0197121672626637,low,734,0
demo-010542,314,CASH_OUT,71.4,0.014253859674238771,1.0177255807406485,low,735,0
demo-011570,346,PAYMENT,144.81,0.006948865991056695,1.00626528416492,low,736,0
demo-011765,353,CASH_OUT,54.15,0.018453638713360445,0.9992645363284681,low,737,1
demo-011620,348,CASH_IN,183.91,0.005405956352246614,0.9942094327416747,low,738,0
demo-010554,315,PAYMENT,57.32,0.017282785465930373,0.990649262907129,low,739,0
demo-010719,319,DEBIT,124.16,0.00797752512792568,0.9904895198832524,low,740,0
demo-011470,344,TRANSFER,73.03,0.013514330785889886,0.9869515772935383,low,741,0
demo-011393,341,CASH_IN,397.23,0.0024739485848324196,0.9827265963529821,low,742,0
demo-011448,343,PAYMENT,248.92,0.003942957084083028,0.9814808773699474,low,743,0
demo-011641,349,TRANSFER,43.64,0.022435576789165156,0.9790885710791674,low,744,1
demo-010724,320,PAYMENT,596.98,0.0016395965508795702,0.9788063489440858,low,745,0
demo-011650,349,CASH_IN,183.76,0.005323249578928991,0.9782003426239914,low,746,0
demo-011051,331,CASH_OUT,101.61,0.009621761835758302,0.9776672201314011,low,747,0
demo-011250,336,PAYMENT,72.49,0.013428799495285875,0.973453675413273,low,748,0
demo-010335,308,CASH_OUT,100.04,0.00966879848713583,0.9672666006530685,low,749,0
demo-011417,342,PAYMENT,290.52,0.0033239854131201724,0.9656842422196724,low,750,0
